timesheet_id,project_id,employee_id,work_date,hours,activity,is_billable
T70001,P-1001,E01,2025-01-13,9,Besiktning,true
T70002,P-1001,E03,2025-01-13,8,Inredning,true
T70003,P-1001,E06,2025-01-13,7,El,true
T70004,P-1001,E02,2025-01-15,10,Besiktning,true
T70005,P-1001,E01,2025-01-16,6,Besiktning,true
T70006,P-1001,E02,2025-01-16,10,Stomme,true
T70007,P-1001,E05,2025-01-16,4,El,true
T70008,P-1001,E02,2025-01-20,8,Projektledning,true
T70009,P-1001,E05,2025-01-20,8,El,true
T70010,P-1001,E06,2025-01-22,4,El,true
T70011,P-1001,E01,2025-01-24,6,Besiktning,true
T70012,P-1001,E01,2025-01-27,6,Besiktning,true
T70013,P-1001,E05,2025-01-28,10,El,true
T70014,P-1001,E01,2025-01-29,6,Projektledning,true
T70015,P-1001,E01,2025-01-30,8,Projektledning,true
T70016,P-1001,E06,2025-01-30,7,El,true
T70017,P-1001,E02,2025-01-31,8,Stomme,true
T70018,P-1001,E05,2025-01-31,10,El,true
T70019,P-1001,E02,2025-02-03,6,Stomme,true
T70020,P-1001,E01,2025-02-04,8,Besiktning,true
T70021,P-1001,E06,2025-02-04,6,El,true
T70022,P-1001,E02,2025-02-05,7,Stomme,true
T70023,P-1001,E05,2025-02-05,6,El,true
T70024,P-1001,E03,2025-02-06,4,Inredning,true
T70025,P-1001,E02,2025-02-07,4,Stomme,true
T70026,P-1001,E05,2025-02-10,7,El,true
T70027,P-1001,E01,2025-02-11,8,Besiktning,true
T70028,P-1001,E03,2025-02-11,10,Rivning,true
T70029,P-1001,E05,2025-02-11,6,El,true
T70030,P-1001,E03,2025-02-13,10,Rivning,true
T70031,P-1001,E05,2025-02-13,8,El,true
T70032,P-1001,E01,2025-02-14,4,Projektledning,true
T70033,P-1001,E06,2025-02-14,9,El,true
T70034,P-1001,E01,2025-02-17,8,Projektledning,true
T70035,P-1001,E03,2025-02-17,10,Stomme,true
T70036,P-1001,E02,2025-02-18,9,Projektledning,true
T70037,P-1001,E01,2025-02-19,7,Projektledning,true
T70038,P-1001,E03,2025-02-19,4,Rivning,true
T70039,P-1001,E06,2025-02-19,4,El,true
T70040,P-1001,E01,2025-02-20,8,Besiktning,true
T70041,P-1001,E06,2025-02-20,4,El,true
T70042,P-1001,E05,2025-02-21,7,El,true
T70043,P-1001,E05,2025-02-24,9,El,true
T70044,P-1001,E06,2025-02-24,4,El,true
T70045,P-1001,E05,2025-02-25,6,El,true
T70046,P-1001,E01,2025-02-27,7,Projektledning,true
T70047,P-1001,E02,2025-02-27,4,Stomme,true
T70048,P-1001,E06,2025-02-27,9,El,true
T70049,P-1001,E01,2025-02-28,4,Besiktning,true
T70050,P-1001,E03,2025-02-28,4,Stomme,true
T70051,P-1001,E06,2025-02-28,4,El,true
T70052,P-1001,E01,2025-03-03,7,Besiktning,true
T70053,P-1001,E06,2025-03-03,6,El,true
T70054,P-1001,E02,2025-03-04,8,Stomme,true
T70055,P-1001,E01,2025-03-06,8,Besiktning,true
T70056,P-1001,E05,2025-03-06,4,El,true
T70057,P-1001,E06,2025-03-06,6,El,true
T70058,P-1001,E03,2025-03-07,7,Stomme,true
T70059,P-1001,E06,2025-03-07,8,El,true
T70060,P-1001,E01,2025-03-10,8,Besiktning,true
T70061,P-1001,E05,2025-03-12,8,El,true
T70062,P-1001,E01,2025-03-13,10,Besiktning,true
T70063,P-1001,E05,2025-03-18,8,El,true
T70064,P-1001,E06,2025-03-19,9,El,true
T70065,P-1001,E02,2025-03-20,4,Besiktning,true
T70066,P-1001,E01,2025-03-21,8,Besiktning,true
T70067,P-1001,E02,2025-03-21,10,Besiktning,true
T70068,P-1001,E06,2025-03-21,7,El,true
T70069,P-1001,E01,2025-03-24,6,Besiktning,true
T70070,P-1001,E05,2025-03-27,10,El,true
T70071,P-1001,E06,2025-03-28,8,El,true
T70072,P-1001,E01,2025-04-01,8,Besiktning,true
T70073,P-1001,E05,2025-04-02,8,El,true
T70074,P-1001,E06,2025-04-02,7,El,true
T70075,P-1001,E01,2025-04-03,7,Projektledning,true
T70076,P-1001,E03,2025-04-07,4,Rivning,true
T70077,P-1001,E06,2025-04-08,4,El,true
T70078,P-1001,E03,2025-04-09,6,Stomme,true
T70079,P-1001,E05,2025-04-09,8,El,true
T70080,P-1001,E06,2025-04-09,7,El,true
T70081,P-1001,E01,2025-04-10,8,Projektledning,true
T70082,P-1001,E02,2025-04-11,8,Stomme,true
T70083,P-1001,E01,2025-04-15,7,Projektledning,true
T70084,P-1001,E02,2025-04-17,8,Besiktning,true
T70085,P-1001,E02,2025-04-21,4,Besiktning,true
T70086,P-1001,E03,2025-04-21,8,Rivning,true
T70087,P-1001,E06,2025-04-21,8,El,true
T70088,P-1001,E06,2025-04-22,6,El,true
T70089,P-1001,E03,2025-04-23,7,Rivning,true
T70090,P-1001,E01,2025-04-25,9,Besiktning,true
T70091,P-1001,E05,2025-04-28,8,El,true
T70092,P-1001,E03,2025-04-29,8,Inredning,true
T70093,P-1001,E01,2025-05-01,6,Besiktning,true
T70094,P-1001,E02,2025-05-01,10,Besiktning,true
T70095,P-1001,E01,2025-05-02,9,Besiktning,true
T70096,P-1001,E02,2025-05-02,4,Stomme,true
T70097,P-1001,E03,2025-05-05,7,Stomme,true
T70098,P-1001,E05,2025-05-08,8,El,true
T70099,P-1001,E01,2025-05-09,8,Projektledning,true
T70100,P-1001,E02,2025-05-09,4,Projektledning,true
T70101,P-1001,E05,2025-05-09,8,El,true
T70102,P-1001,E05,2025-05-13,4,El,true
T70103,P-1001,E02,2025-05-14,4,Projektledning,true
T70104,P-1001,E05,2025-05-14,10,El,true
T70105,P-1001,E05,2025-05-21,8,El,true
T70106,P-1001,E02,2025-05-22,6,Projektledning,true
T70107,P-1001,E01,2025-05-23,7,Projektledning,true
T70108,P-1001,E03,2025-05-23,6,Rivning,true
T70109,P-1001,E01,2025-05-26,6,Projektledning,true
T70110,P-1001,E05,2025-05-26,8,El,true
T70111,P-1001,E06,2025-05-26,6,El,true
T70112,P-1001,E02,2025-05-27,7,Stomme,true
T70113,P-1001,E06,2025-05-27,7,El,true
T70114,P-1001,E01,2025-05-28,8,Besiktning,true
T70115,P-1001,E01,2025-05-29,8,Projektledning,true
T70116,P-1001,E05,2025-05-29,9,El,true
T70117,P-1001,E05,2025-05-30,7,El,true
T70118,P-1001,E05,2025-06-03,6,El,true
T70119,P-1001,E01,2025-06-04,4,Projektledning,true
T70120,P-1001,E02,2025-06-04,4,Projektledning,true
T70121,P-1001,E03,2025-06-04,8,Stomme,true
T70122,P-1001,E05,2025-06-04,6,El,true
T70123,P-1001,E03,2025-06-05,7,Rivning,true
T70124,P-1001,E05,2025-06-05,10,El,true
T70125,P-1001,E06,2025-06-06,8,El,true
T70126,P-1001,E02,2025-06-09,4,Stomme,true
T70127,P-1001,E03,2025-06-10,8,Rivning,true
T70128,P-1001,E03,2025-06-11,7,Stomme,true
T70129,P-1001,E02,2025-06-13,4,Projektledning,true
T70130,P-1001,E05,2025-06-13,6,El,true
T70131,P-1001,E06,2025-06-13,8,El,true
T70132,P-1001,E03,2025-06-16,6,Rivning,true
T70133,P-1001,E06,2025-06-16,8,El,true
T70134,P-1001,E01,2025-06-18,8,Projektledning,true
T70135,P-1001,E03,2025-06-18,8,Stomme,true
T70136,P-1001,E05,2025-06-18,8,El,true
T70137,P-1001,E02,2025-06-23,8,Besiktning,true
T70138,P-1001,E01,2025-06-25,8,Besiktning,true
T70139,P-1001,E01,2025-06-27,8,Projektledning,true
T70140,P-1001,E03,2025-06-27,8,Stomme,true
T70141,P-1002,E09,2025-02-03,8,Rivning,true
T70142,P-1002,E02,2025-02-05,9,Projektledning,true
T70143,P-1002,E07,2025-02-05,9,Kalkyl,false
T70144,P-1002,E07,2025-02-13,4,Kalkyl,false
T70145,P-1002,E09,2025-02-14,6,Rivning,true
T70146,P-1002,E03,2025-02-17,8,Rivning,true
T70147,P-1002,E02,2025-02-19,10,Projektledning,true
T70148,P-1002,E02,2025-02-20,9,Stomme,true
T70149,P-1002,E09,2025-02-27,4,Rivning,true
T70150,P-1002,E10,2025-02-27,10,Besiktning,true
T70151,P-1002,E07,2025-03-03,8,Kalkyl,false
T70152,P-1002,E09,2025-03-06,8,Rivning,true
T70153,P-1002,E09,2025-03-12,8,Rivning,true
T70154,P-1002,E02,2025-03-14,9,Stomme,true
T70155,P-1002,E09,2025-03-14,8,Mark,true
T70156,P-1002,E07,2025-03-17,6,Kalkyl,false
T70157,P-1002,E03,2025-03-21,9,Stomme,true
T70158,P-1002,E07,2025-03-21,8,Kalkyl,false
T70159,P-1002,E09,2025-03-21,8,Rivning,true
T70160,P-1002,E02,2025-03-24,10,Besiktning,true
T70161,P-1002,E10,2025-03-24,9,Besiktning,true
T70162,P-1002,E02,2025-03-25,8,Projektledning,true
T70163,P-1002,E07,2025-03-26,4,Kalkyl,false
T70164,P-1002,E02,2025-03-28,9,Besiktning,true
T70165,P-1002,E10,2025-03-28,8,Besiktning,true
T70166,P-1002,E07,2025-04-03,8,Kalkyl,false
T70167,P-1002,E07,2025-04-07,9,Kalkyl,false
T70168,P-1002,E10,2025-04-08,8,Projektledning,true
T70169,P-1002,E02,2025-04-09,9,Besiktning,true
T70170,P-1002,E03,2025-04-09,4,Inredning,true
T70171,P-1002,E03,2025-04-11,4,Inredning,true
T70172,P-1002,E07,2025-04-11,9,Kalkyl,false
T70173,P-1002,E03,2025-04-14,4,Stomme,true
T70174,P-1002,E07,2025-04-14,7,Kalkyl,false
T70175,P-1002,E02,2025-04-17,8,Projektledning,true
T70176,P-1002,E07,2025-04-17,8,Kalkyl,false
T70177,P-1002,E02,2025-04-21,6,Stomme,true
T70178,P-1002,E03,2025-04-21,10,Inredning,true
T70179,P-1002,E02,2025-04-23,7,Besiktning,true
T70180,P-1002,E09,2025-04-24,8,Rivning,true
T70181,P-1002,E10,2025-04-29,4,Projektledning,true
T70182,P-1002,E02,2025-05-01,6,Stomme,true
T70183,P-1002,E10,2025-05-01,7,Projektledning,true
T70184,P-1002,E02,2025-05-06,4,Projektledning,true
T70185,P-1002,E09,2025-05-07,9,Rivning,true
T70186,P-1002,E02,2025-05-14,4,Projektledning,true
T70187,P-1002,E09,2025-05-14,6,Rivning,true
T70188,P-1002,E07,2025-05-19,7,Kalkyl,false
T70189,P-1002,E03,2025-05-20,7,Inredning,true
T70190,P-1002,E09,2025-05-29,7,Rivning,true
T70191,P-1002,E03,2025-06-06,8,Inredning,true
T70192,P-1002,E10,2025-06-11,7,Besiktning,true
T70193,P-1002,E02,2025-06-13,8,Projektledning,true
T70194,P-1002,E03,2025-06-16,10,Inredning,true
T70195,P-1002,E07,2025-06-17,6,Kalkyl,false
T70196,P-1002,E03,2025-06-19,8,Inredning,true
T70197,P-1002,E07,2025-06-20,9,Kalkyl,false
T70198,P-1002,E10,2025-06-20,8,Besiktning,true
T70199,P-1002,E10,2025-07-02,6,Projektledning,true
T70200,P-1002,E10,2025-07-08,4,Besiktning,true
T70201,P-1002,E10,2025-07-11,8,Besiktning,true
T70202,P-1002,E03,2025-07-15,10,Inredning,true
T70203,P-1002,E10,2025-07-21,7,Projektledning,true
T70204,P-1002,E03,2025-07-28,8,Stomme,true
T70205,P-1002,E02,2025-07-31,9,Besiktning,true
T70206,P-1002,E10,2025-08-04,10,Projektledning,true
T70207,P-1002,E03,2025-08-05,4,Stomme,true
T70208,P-1002,E09,2025-08-05,6,Rivning,true
T70209,P-1002,E09,2025-08-06,6,Mark,true
T70210,P-1002,E07,2025-08-07,8,Kalkyl,false
T70211,P-1002,E10,2025-08-07,8,Projektledning,true
T70212,P-1002,E03,2025-08-08,10,Stomme,true
T70213,P-1002,E03,2025-08-12,7,Stomme,true
T70214,P-1002,E03,2025-08-13,8,Inredning,true
T70215,P-1002,E02,2025-08-18,4,Stomme,true
T70216,P-1002,E03,2025-08-20,10,Stomme,true
T70217,P-1002,E09,2025-08-25,6,Rivning,true
T70218,P-1002,E03,2025-08-27,7,Stomme,true
T70219,P-1002,E10,2025-08-27,9,Besiktning,true
T70220,P-1002,E10,2025-08-28,8,Projektledning,true
T70221,P-1002,E02,2025-09-04,9,Besiktning,true
T70222,P-1002,E09,2025-09-04,6,Rivning,true
T70223,P-1002,E02,2025-09-10,6,Stomme,true
T70224,P-1002,E07,2025-09-10,9,Kalkyl,false
T70225,P-1002,E02,2025-09-11,6,Stomme,true
T70226,P-1002,E09,2025-09-11,10,Mark,true
T70227,P-1002,E10,2025-09-11,8,Projektledning,true
T70228,P-1002,E03,2025-09-12,4,Rivning,true
T70229,P-1003,E04,2025-03-10,10,Rivning,true
T70230,P-1003,E01,2025-03-12,6,Besiktning,true
T70231,P-1003,E02,2025-03-14,8,Besiktning,true
T70232,P-1003,E09,2025-03-17,8,Mark,true
T70233,P-1003,E04,2025-03-19,8,Stomme,true
T70234,P-1003,E07,2025-03-19,10,Kalkyl,false
T70235,P-1003,E07,2025-03-25,4,Kalkyl,false
T70236,P-1003,E09,2025-03-31,9,Mark,true
T70237,P-1003,E09,2025-04-01,9,Rivning,true
T70238,P-1003,E04,2025-04-02,6,Rivning,true
T70239,P-1003,E09,2025-04-02,6,Mark,true
T70240,P-1003,E04,2025-04-07,8,Inredning,true
T70241,P-1003,E04,2025-04-09,8,Stomme,true
T70242,P-1003,E09,2025-04-09,7,Mark,true
T70243,P-1003,E01,2025-04-10,4,Besiktning,true
T70244,P-1003,E02,2025-04-14,9,Besiktning,true
T70245,P-1003,E09,2025-04-16,9,Mark,true
T70246,P-1003,E01,2025-04-17,8,Besiktning,true
T70247,P-1003,E04,2025-04-22,8,Stomme,true
T70248,P-1003,E01,2025-04-23,8,Projektledning,true
T70249,P-1003,E07,2025-04-25,4,Kalkyl,false
T70250,P-1003,E09,2025-04-29,10,Rivning,true
T70251,P-1003,E09,2025-05-01,8,Mark,true
T70252,P-1003,E04,2025-05-02,4,Rivning,true
T70253,P-1003,E07,2025-05-07,4,Kalkyl,false
T70254,P-1003,E09,2025-05-08,8,Mark,true
T70255,P-1003,E09,2025-05-09,8,Rivning,true
T70256,P-1003,E09,2025-05-12,7,Mark,true
T70257,P-1003,E01,2025-05-16,7,Besiktning,true
T70258,P-1003,E01,2025-05-19,8,Besiktning,true
T70259,P-1003,E07,2025-05-19,10,Kalkyl,false
T70260,P-1003,E09,2025-05-21,6,Mark,true
T70261,P-1003,E07,2025-05-22,8,Kalkyl,false
T70262,P-1003,E04,2025-05-23,8,Stomme,true
T70263,P-1003,E02,2025-05-26,8,Stomme,true
T70264,P-1003,E04,2025-05-26,6,Rivning,true
T70265,P-1003,E09,2025-05-26,8,Rivning,true
T70266,P-1003,E02,2025-05-27,7,Projektledning,true
T70267,P-1003,E07,2025-05-28,8,Kalkyl,false
T70268,P-1003,E01,2025-05-29,8,Besiktning,true
T70269,P-1003,E02,2025-05-29,4,Besiktning,true
T70270,P-1003,E02,2025-06-03,4,Stomme,true
T70271,P-1003,E09,2025-06-03,9,Rivning,true
T70272,P-1003,E01,2025-06-04,8,Besiktning,true
T70273,P-1003,E04,2025-06-05,10,Rivning,true
T70274,P-1003,E09,2025-06-06,8,Rivning,true
T70275,P-1003,E04,2025-06-11,10,Inredning,true
T70276,P-1003,E07,2025-06-11,8,Kalkyl,false
T70277,P-1003,E04,2025-06-17,8,Stomme,true
T70278,P-1003,E04,2025-06-18,10,Inredning,true
T70279,P-1003,E07,2025-06-18,8,Kalkyl,false
T70280,P-1003,E02,2025-06-20,7,Projektledning,true
T70281,P-1003,E07,2025-06-23,6,Kalkyl,false
T70282,P-1003,E04,2025-06-26,8,Inredning,true
T70283,P-1003,E07,2025-06-27,8,Kalkyl,false
T70284,P-1003,E07,2025-07-03,8,Kalkyl,false
T70285,P-1003,E04,2025-07-07,8,Stomme,true
T70286,P-1003,E02,2025-07-09,7,Besiktning,true
T70287,P-1003,E04,2025-07-09,8,Rivning,true
T70288,P-1003,E02,2025-07-11,8,Besiktning,true
T70289,P-1003,E02,2025-07-14,8,Projektledning,true
T70290,P-1003,E04,2025-07-14,9,Inredning,true
T70291,P-1003,E07,2025-07-14,4,Kalkyl,false
T70292,P-1003,E07,2025-07-16,8,Kalkyl,false
T70293,P-1003,E01,2025-07-21,9,Besiktning,true
T70294,P-1003,E04,2025-07-22,10,Stomme,true
T70295,P-1003,E02,2025-07-24,7,Stomme,true
T70296,P-1003,E09,2025-07-25,8,Rivning,true
T70297,P-1003,E02,2025-07-29,4,Besiktning,true
T70298,P-1003,E09,2025-07-31,6,Rivning,true
T70299,P-1003,E02,2025-08-01,4,Besiktning,true
T70300,P-1003,E02,2025-08-06,4,Stomme,true
T70301,P-1003,E04,2025-08-07,8,Inredning,true
T70302,P-1003,E07,2025-08-07,7,Kalkyl,false
T70303,P-1003,E01,2025-08-12,7,Besiktning,true
T70304,P-1003,E01,2025-08-13,6,Projektledning,true
T70305,P-1003,E07,2025-08-14,6,Kalkyl,false
T70306,P-1003,E09,2025-08-14,9,Rivning,true
T70307,P-1003,E02,2025-08-18,4,Projektledning,true
T70308,P-1003,E02,2025-08-19,6,Besiktning,true
T70309,P-1003,E04,2025-08-21,9,Inredning,true
T70310,P-1003,E07,2025-08-21,8,Kalkyl,false
T70311,P-1003,E07,2025-08-22,7,Kalkyl,false
T70312,P-1003,E01,2025-08-27,6,Projektledning,true
T70313,P-1003,E04,2025-08-28,9,Stomme,true
T70314,P-1003,E07,2025-08-29,7,Kalkyl,false
T70315,P-1003,E09,2025-08-29,7,Mark,true
T70316,P-1003,E07,2025-09-01,10,Kalkyl,false
T70317,P-1003,E02,2025-09-02,8,Projektledning,true
T70318,P-1003,E04,2025-09-05,6,Inredning,true
T70319,P-1003,E09,2025-09-08,9,Mark,true
T70320,P-1003,E04,2025-09-09,4,Inredning,true
T70321,P-1003,E02,2025-09-15,6,Stomme,true
T70322,P-1003,E04,2025-09-16,6,Rivning,true
T70323,P-1003,E02,2025-09-19,8,Projektledning,true
T70324,P-1003,E02,2025-09-26,10,Projektledning,true
T70325,P-1003,E01,2025-09-30,4,Projektledning,true
T70326,P-1003,E02,2025-10-03,8,Projektledning,true
T70327,P-1003,E01,2025-10-06,6,Besiktning,true
T70328,P-1003,E02,2025-10-08,10,Besiktning,true
T70329,P-1003,E01,2025-10-10,9,Besiktning,true
T70330,P-1003,E01,2025-10-14,8,Besiktning,true
T70331,P-1003,E04,2025-10-14,10,Inredning,true
T70332,P-1003,E09,2025-10-14,6,Mark,true
T70333,P-1003,E01,2025-10-15,10,Projektledning,true
T70334,P-1003,E04,2025-10-17,6,Stomme,true
T70335,P-1003,E01,2025-10-23,7,Projektledning,true
T70336,P-1003,E09,2025-10-23,4,Rivning,true
T70337,P-1003,E02,2025-10-24,9,Stomme,true
T70338,P-1003,E07,2025-10-24,8,Kalkyl,false
T70339,P-1003,E01,2025-10-29,8,Besiktning,true
T70340,P-1003,E09,2025-11-03,8,Rivning,true
T70341,P-1003,E04,2025-11-04,10,Stomme,true
T70342,P-1003,E04,2025-11-05,8,Rivning,true
T70343,P-1003,E09,2025-11-11,8,Mark,true
T70344,P-1003,E04,2025-11-12,6,Inredning,true
T70345,P-1003,E09,2025-11-12,6,Rivning,true
T70346,P-1003,E09,2025-11-13,8,Rivning,true
T70347,P-1003,E02,2025-11-18,6,Projektledning,true
T70348,P-1003,E02,2025-11-21,4,Projektledning,true
T70349,P-1003,E01,2025-11-24,8,Besiktning,true
T70350,P-1003,E02,2025-11-25,4,Stomme,true
T70351,P-1003,E04,2025-11-25,8,Stomme,true
T70352,P-1003,E07,2025-11-26,10,Kalkyl,false
T70353,P-1003,E09,2025-11-26,8,Rivning,true
T70354,P-1003,E07,2025-11-27,8,Kalkyl,false
T70355,P-1004,E09,2025-04-07,8,Mark,true
T70356,P-1004,E05,2025-04-09,8,El,true
T70357,P-1004,E10,2025-04-09,4,Besiktning,true
T70358,P-1004,E02,2025-04-11,10,Besiktning,true
T70359,P-1004,E09,2025-04-11,10,Rivning,true
T70360,P-1004,E10,2025-04-11,8,Projektledning,true
T70361,P-1004,E05,2025-04-14,9,El,true
T70362,P-1004,E10,2025-04-14,4,Besiktning,true
T70363,P-1004,E07,2025-04-18,6,Kalkyl,false
T70364,P-1004,E02,2025-04-22,8,Besiktning,true
T70365,P-1004,E02,2025-04-24,7,Besiktning,true
T70366,P-1004,E07,2025-04-24,10,Kalkyl,false
T70367,P-1004,E10,2025-04-25,8,Projektledning,true
T70368,P-1004,E09,2025-04-28,8,Rivning,true
T70369,P-1004,E05,2025-04-29,9,El,true
T70370,P-1004,E07,2025-04-29,9,Kalkyl,false
T70371,P-1004,E10,2025-05-02,7,Besiktning,true
T70372,P-1004,E02,2025-05-06,10,Besiktning,true
T70373,P-1004,E02,2025-05-09,7,Besiktning,true
T70374,P-1004,E02,2025-05-13,6,Projektledning,true
T70375,P-1004,E09,2025-05-13,10,Mark,true
T70376,P-1004,E10,2025-05-13,8,Projektledning,true
T70377,P-1004,E02,2025-05-14,7,Stomme,true
T70378,P-1004,E05,2025-05-14,10,El,true
T70379,P-1004,E05,2025-05-15,8,El,true
T70380,P-1004,E10,2025-05-15,9,Projektledning,true
T70381,P-1004,E07,2025-05-16,10,Kalkyl,false
T70382,P-1004,E02,2025-05-20,6,Projektledning,true
T70383,P-1004,E05,2025-05-20,8,El,true
T70384,P-1004,E05,2025-05-21,4,El,true
T70385,P-1004,E09,2025-05-21,6,Mark,true
T70386,P-1004,E05,2025-05-28,10,El,true
T70387,P-1004,E10,2025-05-28,9,Besiktning,true
T70388,P-1004,E10,2025-06-02,10,Projektledning,true
T70389,P-1004,E02,2025-06-04,8,Besiktning,true
T70390,P-1004,E09,2025-06-04,4,Mark,true
T70391,P-1004,E02,2025-06-05,4,Stomme,true
T70392,P-1004,E05,2025-06-05,8,El,true
T70393,P-1004,E07,2025-06-05,10,Kalkyl,false
T70394,P-1004,E09,2025-06-06,7,Rivning,true
T70395,P-1004,E10,2025-06-09,7,Besiktning,true
T70396,P-1004,E05,2025-06-16,9,El,true
T70397,P-1004,E02,2025-06-17,4,Stomme,true
T70398,P-1004,E05,2025-06-17,9,El,true
T70399,P-1004,E10,2025-06-18,6,Besiktning,true
T70400,P-1004,E02,2025-06-19,10,Stomme,true
T70401,P-1004,E10,2025-06-19,8,Projektledning,true
T70402,P-1004,E02,2025-06-20,4,Stomme,true
T70403,P-1004,E05,2025-06-20,8,El,true
T70404,P-1004,E02,2025-06-23,9,Projektledning,true
T70405,P-1004,E07,2025-06-23,8,Kalkyl,false
T70406,P-1004,E09,2025-06-25,8,Rivning,true
T70407,P-1004,E07,2025-07-02,9,Kalkyl,false
T70408,P-1004,E05,2025-07-03,10,El,true
T70409,P-1004,E09,2025-07-04,4,Mark,true
T70410,P-1004,E10,2025-07-07,7,Besiktning,true
T70411,P-1004,E02,2025-07-09,7,Besiktning,true
T70412,P-1004,E05,2025-07-09,9,El,true
T70413,P-1004,E02,2025-07-10,9,Projektledning,true
T70414,P-1004,E10,2025-07-10,10,Projektledning,true
T70415,P-1004,E10,2025-07-11,10,Besiktning,true
T70416,P-1004,E07,2025-07-15,4,Kalkyl,false
T70417,P-1004,E10,2025-07-17,8,Besiktning,true
T70418,P-1004,E05,2025-07-18,8,El,true
T70419,P-1004,E10,2025-07-21,9,Projektledning,true
T70420,P-1004,E02,2025-07-22,8,Besiktning,true
T70421,P-1004,E05,2025-07-22,4,El,true
T70422,P-1004,E09,2025-07-24,9,Rivning,true
T70423,P-1004,E10,2025-07-24,7,Besiktning,true
T70424,P-1004,E10,2025-07-28,8,Besiktning,true
T70425,P-1004,E05,2025-07-30,10,El,true
T70426,P-1004,E05,2025-07-31,7,El,true
T70427,P-1004,E10,2025-07-31,4,Besiktning,true
T70428,P-1004,E02,2025-08-01,8,Projektledning,true
T70429,P-1004,E05,2025-08-04,9,El,true
T70430,P-1004,E10,2025-08-04,8,Projektledning,true
T70431,P-1004,E05,2025-08-05,8,El,true
T70432,P-1004,E05,2025-08-08,4,El,true
T70433,P-1004,E09,2025-08-08,4,Rivning,true
T70434,P-1004,E05,2025-08-12,9,El,true
T70435,P-1004,E10,2025-08-12,4,Projektledning,true
T70436,P-1004,E02,2025-08-13,10,Stomme,true
T70437,P-1004,E05,2025-08-13,8,El,true
T70438,P-1004,E09,2025-08-13,10,Mark,true
T70439,P-1004,E10,2025-08-13,4,Projektledning,true
T70440,P-1004,E05,2025-08-14,8,El,true
T70441,P-1004,E07,2025-08-18,10,Kalkyl,false
T70442,P-1004,E02,2025-08-19,7,Projektledning,true
T70443,P-1004,E07,2025-08-19,9,Kalkyl,false
T70444,P-1004,E10,2025-08-19,10,Besiktning,true
T70445,P-1004,E09,2025-08-20,7,Rivning,true
T70446,P-1004,E10,2025-08-20,8,Besiktning,true
T70447,P-1004,E05,2025-08-22,7,El,true
T70448,P-1004,E07,2025-08-22,7,Kalkyl,false
T70449,P-1004,E09,2025-08-22,7,Rivning,true
T70450,P-1004,E10,2025-08-27,10,Projektledning,true
T70451,P-1004,E10,2025-08-28,8,Projektledning,true
T70452,P-1004,E10,2025-09-05,4,Besiktning,true
T70453,P-1004,E02,2025-09-09,10,Stomme,true
T70454,P-1004,E05,2025-09-09,6,El,true
T70455,P-1004,E07,2025-09-11,10,Kalkyl,false
T70456,P-1004,E02,2025-09-15,9,Besiktning,true
T70457,P-1004,E02,2025-09-16,8,Stomme,true
T70458,P-1004,E05,2025-09-17,8,El,true
T70459,P-1004,E10,2025-09-17,7,Projektledning,true
T70460,P-1004,E05,2025-09-19,7,El,true
T70461,P-1004,E09,2025-09-19,4,Rivning,true
T70462,P-1004,E09,2025-09-24,8,Mark,true
T70463,P-1004,E05,2025-09-26,4,El,true
T70464,P-1004,E05,2025-10-01,8,El,true
T70465,P-1004,E05,2025-10-02,6,El,true
T70466,P-1004,E09,2025-10-03,8,Rivning,true
T70467,P-1004,E10,2025-10-06,8,Projektledning,true
T70468,P-1004,E09,2025-10-08,10,Rivning,true
T70469,P-1004,E02,2025-10-09,8,Projektledning,true
T70470,P-1004,E02,2025-10-10,4,Projektledning,true
T70471,P-1004,E07,2025-10-10,7,Kalkyl,false
T70472,P-1004,E05,2025-10-13,4,El,true
T70473,P-1004,E07,2025-10-15,10,Kalkyl,false
T70474,P-1004,E09,2025-10-15,8,Mark,true
T70475,P-1004,E02,2025-10-16,4,Stomme,true
T70476,P-1004,E07,2025-10-16,8,Kalkyl,false
T70477,P-1004,E09,2025-10-16,6,Rivning,true
T70478,P-1004,E02,2025-10-17,8,Stomme,true
T70479,P-1004,E02,2025-10-21,10,Stomme,true
T70480,P-1004,E09,2025-10-21,8,Mark,true
T70481,P-1004,E09,2025-10-24,7,Mark,true
T70482,P-1004,E10,2025-10-29,6,Projektledning,true
T70483,P-1004,E10,2025-10-31,7,Projektledning,true
T70484,P-1004,E07,2025-11-03,8,Kalkyl,false
T70485,P-1004,E02,2025-11-04,6,Projektledning,true
T70486,P-1004,E02,2025-11-05,9,Stomme,true
T70487,P-1004,E02,2025-11-06,7,Besiktning,true
T70488,P-1004,E09,2025-11-10,8,Mark,true
T70489,P-1004,E05,2025-11-11,6,El,true
T70490,P-1004,E07,2025-11-11,10,Kalkyl,false
T70491,P-1004,E07,2025-11-12,7,Kalkyl,false
T70492,P-1004,E05,2025-11-13,4,El,true
T70493,P-1004,E02,2025-11-17,6,Projektledning,true
T70494,P-1004,E02,2025-11-18,6,Besiktning,true
T70495,P-1004,E05,2025-11-18,8,El,true
T70496,P-1004,E07,2025-11-18,10,Kalkyl,false
T70497,P-1004,E07,2025-11-20,6,Kalkyl,false
T70498,P-1004,E10,2025-11-21,8,Besiktning,true
T70499,P-1004,E09,2025-11-24,8,Mark,true
T70500,P-1004,E05,2025-11-25,8,El,true
T70501,P-1004,E09,2025-11-25,9,Mark,true
T70502,P-1004,E02,2025-11-26,7,Projektledning,true
T70503,P-1004,E05,2025-11-26,10,El,true
T70504,P-1004,E09,2025-11-28,9,Mark,true
T70505,P-1004,E07,2025-12-02,7,Kalkyl,false
T70506,P-1004,E09,2025-12-02,10,Mark,true
T70507,P-1004,E02,2025-12-03,9,Besiktning,true
T70508,P-1004,E10,2025-12-03,4,Besiktning,true
T70509,P-1004,E07,2025-12-04,7,Kalkyl,false
T70510,P-1004,E10,2025-12-04,7,Projektledning,true
T70511,P-1004,E10,2025-12-05,9,Projektledning,true
T70512,P-1004,E05,2025-12-09,10,El,true
T70513,P-1004,E02,2025-12-11,6,Stomme,true
T70514,P-1004,E07,2025-12-16,10,Kalkyl,false
T70515,P-1004,E07,2025-12-17,6,Kalkyl,false
T70516,P-1004,E10,2025-12-17,10,Besiktning,true
T70517,P-1004,E07,2025-12-19,4,Kalkyl,false
T70518,P-1004,E10,2025-12-19,4,Besiktning,true
T70519,P-1004,E02,2025-12-22,8,Besiktning,true
T70520,P-1004,E07,2025-12-24,9,Kalkyl,false
T70521,P-1004,E05,2025-12-25,9,El,true
T70522,P-1004,E02,2025-12-26,8,Besiktning,true
T70523,P-1004,E10,2025-12-26,9,Projektledning,true
T70524,P-1004,E09,2025-12-30,8,Rivning,true
T70525,P-1004,E07,2026-01-05,10,Kalkyl,false
T70526,P-1004,E10,2026-01-05,8,Besiktning,true
T70527,P-1004,E09,2026-01-06,10,Rivning,true
T70528,P-1004,E10,2026-01-06,6,Besiktning,true
T70529,P-1004,E10,2026-01-08,8,Besiktning,true
T70530,P-1004,E02,2026-01-09,8,Projektledning,true
T70531,P-1004,E10,2026-01-09,7,Besiktning,true
T70532,P-1004,E07,2026-01-12,8,Kalkyl,false
T70533,P-1004,E09,2026-01-13,8,Rivning,true
T70534,P-1004,E05,2026-01-14,10,El,true
T70535,P-1004,E07,2026-01-14,9,Kalkyl,false
T70536,P-1004,E07,2026-01-15,8,Kalkyl,false
T70537,P-1004,E09,2026-01-15,10,Rivning,true
T70538,P-1004,E10,2026-01-15,8,Besiktning,true
T70539,P-1004,E05,2026-01-19,8,El,true
T70540,P-1004,E10,2026-01-21,8,Projektledning,true
T70541,P-1004,E07,2026-01-22,4,Kalkyl,false
T70542,P-1004,E07,2026-01-23,8,Kalkyl,false
T70543,P-1004,E07,2026-01-28,6,Kalkyl,false
T70544,P-1004,E02,2026-01-29,8,Besiktning,true
T70545,P-1004,E02,2026-02-02,8,Stomme,true
T70546,P-1004,E07,2026-02-02,6,Kalkyl,false
T70547,P-1004,E09,2026-02-02,7,Rivning,true
T70548,P-1004,E07,2026-02-03,8,Kalkyl,false
T70549,P-1004,E10,2026-02-03,9,Projektledning,true
T70550,P-1004,E02,2026-02-04,8,Stomme,true
T70551,P-1004,E07,2026-02-05,6,Kalkyl,false
T70552,P-1004,E07,2026-02-06,8,Kalkyl,false
T70553,P-1004,E02,2026-02-09,8,Stomme,true
T70554,P-1004,E05,2026-02-09,6,El,true
T70555,P-1004,E09,2026-02-09,7,Mark,true
T70556,P-1004,E02,2026-02-11,9,Projektledning,true
T70557,P-1004,E09,2026-02-12,8,Rivning,true
T70558,P-1004,E02,2026-02-16,8,Projektledning,true
T70559,P-1004,E09,2026-02-17,7,Mark,true
T70560,P-1004,E09,2026-02-18,7,Rivning,true
T70561,P-1004,E05,2026-02-23,6,El,true
T70562,P-1004,E07,2026-02-23,8,Kalkyl,false
T70563,P-1004,E10,2026-02-23,8,Projektledning,true
T70564,P-1004,E02,2026-02-24,7,Besiktning,true
T70565,P-1004,E09,2026-02-24,7,Mark,true
T70566,P-1004,E07,2026-02-25,8,Kalkyl,false
T70567,P-1004,E02,2026-02-26,4,Besiktning,true
T70568,P-1005,E08,2025-05-05,8,Stomme,true
T70569,P-1005,E03,2025-05-08,8,Rivning,true
T70570,P-1005,E01,2025-05-09,8,Besiktning,true
T70571,P-1005,E09,2025-05-09,7,Mark,true
T70572,P-1005,E02,2025-05-13,10,Stomme,true
T70573,P-1005,E08,2025-05-14,6,Rivning,true
T70574,P-1005,E09,2025-05-14,7,Mark,true
T70575,P-1005,E09,2025-05-16,8,Mark,true
T70576,P-1005,E01,2025-05-19,6,Besiktning,true
T70577,P-1005,E02,2025-05-22,7,Stomme,true
T70578,P-1005,E09,2025-05-22,8,Rivning,true
T70579,P-1005,E03,2025-05-23,6,Rivning,true
T70580,P-1005,E08,2025-05-23,8,Stomme,true
T70581,P-1005,E09,2025-05-23,4,Rivning,true
T70582,P-1005,E09,2025-05-29,8,Rivning,true
T70583,P-1005,E03,2025-06-03,9,Inredning,true
T70584,P-1005,E03,2025-06-04,7,Stomme,true
T70585,P-1005,E08,2025-06-09,7,Inredning,true
T70586,P-1005,E09,2025-06-10,6,Rivning,true
T70587,P-1005,E01,2025-06-16,8,Besiktning,true
T70588,P-1005,E02,2025-06-17,4,Projektledning,true
T70589,P-1005,E03,2025-06-18,10,Stomme,true
T70590,P-1005,E02,2025-06-20,8,Projektledning,true
T70591,P-1005,E03,2025-06-20,8,Rivning,true
T70592,P-1005,E01,2025-06-27,9,Besiktning,true
T70593,P-1005,E08,2025-06-27,8,Rivning,true
T70594,P-1005,E09,2025-06-27,8,Mark,true
T70595,P-1005,E01,2025-06-30,9,Besiktning,true
T70596,P-1005,E08,2025-06-30,6,Stomme,true
T70597,P-1005,E09,2025-06-30,10,Mark,true
T70598,P-1005,E03,2025-07-01,4,Inredning,true
T70599,P-1005,E09,2025-07-02,7,Mark,true
T70600,P-1005,E02,2025-07-03,4,Besiktning,true
T70601,P-1005,E09,2025-07-03,7,Mark,true
T70602,P-1005,E09,2025-07-08,8,Mark,true
T70603,P-1005,E03,2025-07-09,8,Rivning,true
T70604,P-1005,E03,2025-07-11,8,Rivning,true
T70605,P-1005,E01,2025-07-17,7,Projektledning,true
T70606,P-1005,E09,2025-07-18,8,Rivning,true
T70607,P-1005,E02,2025-07-22,8,Projektledning,true
T70608,P-1005,E03,2025-07-22,7,Inredning,true
T70609,P-1005,E01,2025-07-30,8,Projektledning,true
T70610,P-1005,E03,2025-08-05,8,Inredning,true
T70611,P-1005,E01,2025-08-06,10,Besiktning,true
T70612,P-1005,E03,2025-08-08,6,Rivning,true
T70613,P-1005,E02,2025-08-11,9,Stomme,true
T70614,P-1005,E09,2025-08-12,9,Mark,true
T70615,P-1005,E02,2025-08-18,8,Besiktning,true
T70616,P-1005,E08,2025-08-18,8,Stomme,true
T70617,P-1005,E01,2025-08-19,6,Besiktning,true
T70618,P-1005,E02,2025-08-19,10,Stomme,true
T70619,P-1005,E01,2025-08-20,8,Besiktning,true
T70620,P-1005,E03,2025-08-21,7,Rivning,true
T70621,P-1005,E08,2025-08-21,6,Rivning,true
T70622,P-1005,E01,2025-08-22,4,Projektledning,true
T70623,P-1005,E02,2025-08-22,6,Projektledning,true
T70624,P-1005,E03,2025-08-28,8,Stomme,true
T70625,P-1005,E08,2025-08-28,6,Inredning,true
T70626,P-1005,E08,2025-09-02,9,Rivning,true
T70627,P-1005,E01,2025-09-03,8,Besiktning,true
T70628,P-1005,E03,2025-09-04,8,Rivning,true
T70629,P-1005,E03,2025-09-05,8,Inredning,true
T70630,P-1005,E02,2025-09-11,4,Stomme,true
T70631,P-1005,E09,2025-09-11,8,Rivning,true
T70632,P-1005,E02,2025-09-16,10,Projektledning,true
T70633,P-1005,E08,2025-09-18,10,Rivning,true
T70634,P-1005,E03,2025-09-22,10,Rivning,true
T70635,P-1005,E02,2025-09-24,6,Projektledning,true
T70636,P-1005,E09,2025-09-24,8,Rivning,true
T70637,P-1005,E09,2025-09-26,9,Mark,true
T70638,P-1005,E08,2025-09-29,7,Rivning,true
T70639,P-1005,E08,2025-10-03,6,Rivning,true
T70640,P-1005,E01,2025-10-07,8,Besiktning,true
T70641,P-1005,E03,2025-10-10,4,Inredning,true
T70642,P-1005,E08,2025-10-10,9,Rivning,true
T70643,P-1005,E01,2025-10-15,8,Besiktning,true
T70644,P-1005,E09,2025-10-24,9,Rivning,true
T70645,P-1005,E01,2025-10-27,9,Besiktning,true
T70646,P-1005,E09,2025-10-27,4,Mark,true
T70647,P-1005,E01,2025-10-28,10,Besiktning,true
T70648,P-1005,E02,2025-10-29,4,Besiktning,true
T70649,P-1005,E08,2025-11-04,8,Rivning,true
T70650,P-1005,E02,2025-11-11,8,Stomme,true
T70651,P-1005,E02,2025-11-14,8,Stomme,true
T70652,P-1005,E03,2025-11-17,7,Rivning,true
T70653,P-1005,E01,2025-11-19,8,Besiktning,true
T70654,P-1005,E02,2025-11-24,8,Stomme,true
T70655,P-1005,E03,2025-11-25,6,Stomme,true
T70656,P-1005,E01,2025-12-03,8,Besiktning,true
T70657,P-1005,E02,2025-12-03,8,Stomme,true
T70658,P-1005,E02,2025-12-04,8,Besiktning,true
T70659,P-1005,E03,2025-12-04,10,Stomme,true
T70660,P-1005,E08,2025-12-11,8,Inredning,true
T70661,P-1005,E09,2025-12-11,9,Rivning,true
T70662,P-1005,E03,2025-12-15,8,Stomme,true
T70663,P-1005,E02,2025-12-16,6,Projektledning,true
T70664,P-1005,E08,2025-12-18,8,Rivning,true
T70665,P-1005,E09,2025-12-19,10,Rivning,true
T70666,P-1006,E09,2025-08-18,4,Mark,true
T70667,P-1006,E10,2025-09-01,6,Besiktning,true
T70668,P-1006,E02,2025-09-04,7,Besiktning,true
T70669,P-1006,E09,2025-09-08,8,Rivning,true
T70670,P-1006,E07,2025-09-12,9,Kalkyl,false
T70671,P-1006,E09,2025-09-12,10,Rivning,true
T70672,P-1006,E10,2025-09-19,4,Projektledning,true
T70673,P-1006,E02,2025-09-23,8,Projektledning,true
T70674,P-1006,E06,2025-09-25,4,El,true
T70675,P-1006,E09,2025-09-25,4,Mark,true
T70676,P-1006,E09,2025-10-02,8,Mark,true
T70677,P-1006,E09,2025-10-09,6,Mark,true
T70678,P-1006,E06,2025-10-14,10,El,true
T70679,P-1006,E09,2025-10-20,7,Rivning,true
T70680,P-1006,E09,2025-10-21,8,Rivning,true
T70681,P-1006,E10,2025-10-21,8,Besiktning,true
T70682,P-1006,E02,2025-11-14,4,Besiktning,true
T70683,P-1006,E02,2025-12-01,8,Besiktning,true
T70684,P-1006,E06,2025-12-04,10,El,true
T70685,P-1006,E06,2025-12-05,7,El,true
T70686,P-1006,E09,2025-12-05,8,Rivning,true
T70687,P-1006,E02,2025-12-18,8,Besiktning,true
T70688,P-1006,E02,2025-12-19,8,Stomme,true
T70689,P-1006,E06,2025-12-29,8,El,true
T70690,P-1006,E07,2025-12-31,8,Kalkyl,false
T70691,P-1006,E06,2026-01-09,9,El,true
T70692,P-1006,E10,2026-01-12,8,Projektledning,true
T70693,P-1006,E06,2026-01-14,8,El,true
T70694,P-1006,E02,2026-01-16,7,Projektledning,true
T70695,P-1006,E02,2026-01-22,8,Stomme,true
T70696,P-1006,E06,2026-01-29,8,El,true
T70697,P-1006,E09,2026-01-29,10,Rivning,true
T70698,P-1007,E06,2025-09-02,8,El,true
T70699,P-1007,E05,2025-09-04,6,El,true
T70700,P-1007,E06,2025-09-04,8,El,true
T70701,P-1007,E02,2025-09-05,6,Besiktning,true
T70702,P-1007,E06,2025-09-08,6,El,true
T70703,P-1007,E05,2025-09-09,7,El,true
T70704,P-1007,E06,2025-09-09,8,El,true
T70705,P-1007,E01,2025-09-10,8,Besiktning,true
T70706,P-1007,E05,2025-09-15,6,El,true
T70707,P-1007,E02,2025-09-16,8,Stomme,true
T70708,P-1007,E06,2025-09-16,9,El,true
T70709,P-1007,E05,2025-09-17,8,El,true
T70710,P-1007,E08,2025-09-17,7,Rivning,true
T70711,P-1007,E06,2025-09-18,8,El,true
T70712,P-1007,E08,2025-09-18,8,Inredning,true
T70713,P-1007,E01,2025-09-22,10,Besiktning,true
T70714,P-1007,E08,2025-09-23,8,Rivning,true
T70715,P-1007,E01,2025-09-24,7,Besiktning,true
T70716,P-1007,E08,2025-09-25,6,Stomme,true
T70717,P-1007,E08,2025-09-29,7,Stomme,true
T70718,P-1007,E01,2025-09-30,10,Projektledning,true
T70719,P-1007,E02,2025-09-30,9,Besiktning,true
T70720,P-1007,E05,2025-09-30,9,El,true
T70721,P-1007,E06,2025-09-30,6,El,true
T70722,P-1007,E01,2025-10-02,4,Projektledning,true
T70723,P-1007,E08,2025-10-02,6,Rivning,true
T70724,P-1007,E01,2025-10-03,10,Projektledning,true
T70725,P-1007,E01,2025-10-06,8,Projektledning,true
T70726,P-1007,E02,2025-10-06,6,Stomme,true
T70727,P-1007,E06,2025-10-06,7,El,true
T70728,P-1007,E01,2025-10-08,9,Projektledning,true
T70729,P-1007,E02,2025-10-08,6,Besiktning,true
T70730,P-1007,E05,2025-10-08,4,El,true
T70731,P-1007,E01,2025-10-13,4,Projektledning,true
T70732,P-1007,E08,2025-10-13,8,Inredning,true
T70733,P-1007,E06,2025-10-14,8,El,true
T70734,P-1007,E01,2025-10-16,8,Projektledning,true
T70735,P-1007,E02,2025-10-16,4,Besiktning,true
T70736,P-1007,E06,2025-10-16,4,El,true
T70737,P-1007,E05,2025-10-20,10,El,true
T70738,P-1007,E05,2025-10-21,6,El,true
T70739,P-1007,E05,2025-10-22,4,El,true
T70740,P-1007,E02,2025-10-24,8,Besiktning,true
T70741,P-1007,E01,2025-10-27,10,Besiktning,true
T70742,P-1007,E02,2025-10-27,6,Besiktning,true
T70743,P-1007,E06,2025-10-27,7,El,true
T70744,P-1007,E06,2025-10-29,8,El,true
T70745,P-1007,E01,2025-10-31,7,Projektledning,true
T70746,P-1007,E06,2025-10-31,9,El,true
T70747,P-1007,E08,2025-10-31,9,Stomme,true
T70748,P-1007,E01,2025-11-06,10,Besiktning,true
T70749,P-1007,E05,2025-11-06,4,El,true
T70750,P-1007,E06,2025-11-06,9,El,true
T70751,P-1007,E08,2025-11-06,8,Rivning,true
T70752,P-1007,E01,2025-11-13,8,Projektledning,true
T70753,P-1007,E02,2025-11-13,10,Stomme,true
T70754,P-1007,E05,2025-11-13,10,El,true
T70755,P-1007,E05,2025-11-14,8,El,true
T70756,P-1007,E06,2025-11-18,8,El,true
T70757,P-1007,E08,2025-11-18,8,Inredning,true
T70758,P-1007,E02,2025-11-19,8,Besiktning,true
T70759,P-1007,E05,2025-11-20,9,El,true
T70760,P-1007,E06,2025-11-20,7,El,true
T70761,P-1007,E01,2025-11-21,9,Projektledning,true
T70762,P-1007,E05,2025-11-21,8,El,true
T70763,P-1007,E05,2025-11-25,10,El,true
T70764,P-1007,E08,2025-11-25,8,Rivning,true
T70765,P-1007,E01,2025-12-01,8,Projektledning,true
T70766,P-1007,E02,2025-12-01,6,Besiktning,true
T70767,P-1007,E01,2025-12-02,4,Projektledning,true
T70768,P-1007,E05,2025-12-02,8,El,true
T70769,P-1007,E05,2025-12-03,6,El,true
T70770,P-1007,E01,2025-12-04,4,Projektledning,true
T70771,P-1007,E06,2025-12-05,10,El,true
T70772,P-1007,E08,2025-12-05,7,Stomme,true
T70773,P-1007,E05,2025-12-08,7,El,true
T70774,P-1007,E08,2025-12-08,8,Inredning,true
T70775,P-1007,E02,2025-12-09,9,Projektledning,true
T70776,P-1007,E06,2025-12-09,4,El,true
T70777,P-1007,E02,2025-12-10,9,Besiktning,true
T70778,P-1007,E05,2025-12-10,8,El,true
T70779,P-1007,E01,2025-12-11,4,Besiktning,true
T70780,P-1007,E01,2025-12-12,7,Projektledning,true
T70781,P-1007,E05,2025-12-12,8,El,true
T70782,P-1007,E05,2025-12-19,8,El,true
T70783,P-1007,E06,2025-12-22,6,El,true
T70784,P-1007,E06,2025-12-25,8,El,true
T70785,P-1007,E06,2025-12-26,8,El,true
T70786,P-1007,E05,2025-12-29,9,El,true
T70787,P-1007,E08,2026-01-01,10,Inredning,true
T70788,P-1007,E01,2026-01-02,10,Projektledning,true
T70789,P-1007,E05,2026-01-02,10,El,true
T70790,P-1007,E06,2026-01-08,10,El,true
T70791,P-1007,E05,2026-01-09,4,El,true
T70792,P-1007,E01,2026-01-12,8,Besiktning,true
T70793,P-1007,E01,2026-01-14,10,Besiktning,true
T70794,P-1007,E05,2026-01-16,8,El,true
T70795,P-1007,E01,2026-01-19,8,Besiktning,true
T70796,P-1007,E02,2026-01-19,9,Besiktning,true
T70797,P-1007,E01,2026-01-20,10,Besiktning,true
T70798,P-1007,E08,2026-01-22,10,Stomme,true
T70799,P-1007,E08,2026-01-23,10,Stomme,true
T70800,P-1007,E08,2026-01-26,4,Rivning,true
T70801,P-1007,E08,2026-01-27,10,Rivning,true
T70802,P-1007,E06,2026-01-28,9,El,true
T70803,P-1007,E02,2026-01-29,7,Besiktning,true
T70804,P-1007,E08,2026-02-02,10,Rivning,true
T70805,P-1007,E06,2026-02-03,7,El,true
T70806,P-1007,E01,2026-02-05,10,Besiktning,true
T70807,P-1007,E06,2026-02-09,4,El,true
T70808,P-1007,E05,2026-02-10,6,El,true
T70809,P-1007,E06,2026-02-10,7,El,true
T70810,P-1007,E08,2026-02-11,9,Stomme,true
T70811,P-1007,E06,2026-02-13,8,El,true
T70812,P-1007,E02,2026-02-16,8,Besiktning,true
T70813,P-1007,E06,2026-02-16,8,El,true
T70814,P-1007,E05,2026-02-18,10,El,true
T70815,P-1007,E02,2026-02-20,10,Besiktning,true
T70816,P-1007,E05,2026-02-23,7,El,true
T70817,P-1007,E01,2026-02-24,8,Besiktning,true
T70818,P-1007,E02,2026-02-24,8,Projektledning,true
T70819,P-1007,E08,2026-02-24,6,Inredning,true
T70820,P-1007,E05,2026-02-25,8,El,true
T70821,P-1007,E05,2026-02-27,7,El,true
T70822,P-1007,E06,2026-03-02,7,El,true
T70823,P-1007,E01,2026-03-03,7,Besiktning,true
T70824,P-1007,E06,2026-03-04,6,El,true
T70825,P-1007,E01,2026-03-06,8,Besiktning,true
T70826,P-1007,E02,2026-03-06,8,Besiktning,true
T70827,P-1007,E06,2026-03-06,8,El,true
T70828,P-1007,E05,2026-03-09,7,El,true
T70829,P-1007,E06,2026-03-16,10,El,true
T70830,P-1007,E01,2026-03-18,8,Projektledning,true
T70831,P-1007,E02,2026-03-18,9,Stomme,true
T70832,P-1007,E05,2026-03-18,4,El,true
T70833,P-1007,E01,2026-03-19,8,Projektledning,true
T70834,P-1007,E06,2026-03-20,6,El,true
T70835,P-1007,E08,2026-03-20,6,Rivning,true
T70836,P-1007,E01,2026-03-23,6,Projektledning,true
T70837,P-1007,E06,2026-03-24,7,El,true
T70838,P-1007,E08,2026-03-25,8,Rivning,true
T70839,P-1007,E06,2026-03-26,6,El,true
T70840,P-1007,E08,2026-03-26,8,Rivning,true
T70841,P-1007,E01,2026-03-27,8,Projektledning,true
T70842,P-1007,E05,2026-03-27,4,El,true
T70843,P-1007,E01,2026-03-30,4,Projektledning,true
T70844,P-1007,E02,2026-03-30,7,Projektledning,true
T70845,P-1007,E08,2026-03-30,8,Inredning,true
T70846,P-1007,E02,2026-03-31,10,Projektledning,true
T70847,P-1007,E02,2026-04-01,8,Projektledning,true
T70848,P-1007,E06,2026-04-01,7,El,true
T70849,P-1007,E08,2026-04-01,7,Inredning,true
T70850,P-1007,E05,2026-04-03,6,El,true
T70851,P-1007,E02,2026-04-06,4,Stomme,true
T70852,P-1007,E08,2026-04-07,9,Rivning,true
T70853,P-1007,E08,2026-04-08,9,Inredning,true
T70854,P-1007,E02,2026-04-09,8,Besiktning,true
T70855,P-1007,E06,2026-04-09,8,El,true
T70856,P-1007,E08,2026-04-09,8,Stomme,true
T70857,P-1007,E06,2026-04-10,4,El,true
T70858,P-1007,E08,2026-04-13,4,Rivning,true
T70859,P-1007,E01,2026-04-14,8,Projektledning,true
T70860,P-1007,E05,2026-04-20,4,El,true
T70861,P-1007,E02,2026-04-21,7,Stomme,true
T70862,P-1007,E08,2026-04-21,8,Rivning,true
T70863,P-1007,E01,2026-04-22,8,Projektledning,true
T70864,P-1007,E05,2026-04-22,8,El,true
T70865,P-1007,E06,2026-04-23,4,El,true
T70866,P-1007,E05,2026-04-24,4,El,true
T70867,P-1007,E06,2026-04-24,8,El,true
T70868,P-1008,E05,2025-10-08,4,El,true
T70869,P-1008,E09,2025-10-08,7,Mark,true
T70870,P-1008,E03,2025-10-10,8,Rivning,true
T70871,P-1008,E03,2025-10-13,8,Rivning,true
T70872,P-1008,E10,2025-10-21,8,Besiktning,true
T70873,P-1008,E10,2025-10-28,8,Besiktning,true
T70874,P-1008,E10,2025-11-04,9,Besiktning,true
T70875,P-1008,E10,2025-11-07,4,Besiktning,true
T70876,P-1008,E03,2025-11-12,4,Inredning,true
T70877,P-1008,E09,2025-11-12,6,Rivning,true
T70878,P-1008,E02,2025-11-13,8,Besiktning,true
T70879,P-1008,E03,2025-11-13,4,Stomme,true
T70880,P-1008,E09,2025-11-18,8,Mark,true
T70881,P-1008,E09,2025-11-20,9,Rivning,true
T70882,P-1008,E09,2025-11-21,4,Rivning,true
T70883,P-1008,E05,2025-11-24,9,El,true
T70884,P-1008,E09,2025-11-25,10,Rivning,true
T70885,P-1008,E09,2025-12-05,9,Rivning,true
T70886,P-1008,E05,2025-12-10,8,El,true
T70887,P-1008,E05,2025-12-12,10,El,true
T70888,P-1008,E09,2025-12-17,8,Rivning,true
T70889,P-1008,E02,2025-12-22,6,Stomme,true
T70890,P-1008,E02,2025-12-24,8,Projektledning,true
T70891,P-1008,E10,2025-12-25,8,Besiktning,true
T70892,P-1008,E10,2025-12-30,7,Besiktning,true
T70893,P-1008,E10,2026-01-01,8,Besiktning,true
T70894,P-1008,E05,2026-01-02,7,El,true
T70895,P-1008,E03,2026-01-05,8,Inredning,true
T70896,P-1008,E02,2026-01-08,8,Stomme,true
T70897,P-1008,E09,2026-01-13,8,Rivning,true
T70898,P-1008,E10,2026-01-13,10,Besiktning,true
T70899,P-1008,E02,2026-01-15,9,Stomme,true
T70900,P-1008,E05,2026-01-19,6,El,true
T70901,P-1008,E05,2026-01-21,9,El,true
T70902,P-1008,E09,2026-01-22,8,Rivning,true
T70903,P-1008,E09,2026-01-28,9,Mark,true
T70904,P-1008,E03,2026-02-03,9,Rivning,true
T70905,P-1008,E09,2026-02-09,7,Rivning,true
T70906,P-1008,E10,2026-02-16,8,Projektledning,true
T70907,P-1008,E10,2026-02-18,4,Projektledning,true
T70908,P-1008,E10,2026-02-20,8,Besiktning,true
T70909,P-1008,E09,2026-02-23,10,Rivning,true
T70910,P-1008,E05,2026-02-25,9,El,true
T70911,P-1008,E09,2026-02-26,8,Mark,true
T70912,P-1008,E02,2026-03-04,8,Besiktning,true
T70913,P-1008,E03,2026-03-04,6,Rivning,true
T70914,P-1008,E09,2026-03-09,7,Rivning,true
T70915,P-1008,E10,2026-03-09,10,Besiktning,true
T70916,P-1009,E01,2026-01-12,6,Projektledning,true
T70917,P-1009,E02,2026-01-16,10,Stomme,true
T70918,P-1009,E02,2026-01-19,10,Stomme,true
T70919,P-1009,E09,2026-01-19,8,Rivning,true
T70920,P-1009,E06,2026-01-20,7,El,true
T70921,P-1009,E01,2026-01-21,8,Besiktning,true
T70922,P-1009,E04,2026-01-21,8,Rivning,true
T70923,P-1009,E09,2026-01-23,7,Rivning,true
T70924,P-1009,E09,2026-01-26,8,Rivning,true
T70925,P-1009,E01,2026-01-28,8,Projektledning,true
T70926,P-1009,E02,2026-01-28,4,Stomme,true
T70927,P-1009,E04,2026-01-28,6,Inredning,true
T70928,P-1009,E09,2026-01-28,10,Rivning,true
T70929,P-1009,E04,2026-01-29,4,Rivning,true
T70930,P-1009,E04,2026-02-02,10,Rivning,true
T70931,P-1009,E04,2026-02-05,9,Rivning,true
T70932,P-1009,E01,2026-02-06,9,Projektledning,true
T70933,P-1009,E06,2026-02-06,4,El,true
T70934,P-1009,E01,2026-02-09,10,Projektledning,true
T70935,P-1009,E02,2026-02-10,6,Besiktning,true
T70936,P-1009,E09,2026-02-10,4,Mark,true
T70937,P-1009,E01,2026-02-11,10,Projektledning,true
T70938,P-1009,E02,2026-02-17,8,Projektledning,true
T70939,P-1009,E06,2026-02-18,8,El,true
T70940,P-1009,E02,2026-02-19,6,Projektledning,true
T70941,P-1009,E04,2026-02-19,9,Rivning,true
T70942,P-1009,E06,2026-02-19,6,El,true
T70943,P-1009,E04,2026-02-20,8,Stomme,true
T70944,P-1009,E04,2026-02-23,8,Inredning,true
T70945,P-1009,E09,2026-02-23,8,Mark,true
T70946,P-1009,E09,2026-02-26,10,Rivning,true
T70947,P-1009,E01,2026-02-27,8,Besiktning,true
T70948,P-1009,E02,2026-03-02,8,Projektledning,true
T70949,P-1009,E01,2026-03-04,8,Projektledning,true
T70950,P-1009,E04,2026-03-04,7,Inredning,true
T70951,P-1009,E01,2026-03-06,10,Projektledning,true
T70952,P-1009,E02,2026-03-06,8,Projektledning,true
T70953,P-1009,E09,2026-03-06,9,Rivning,true
T70954,P-1009,E06,2026-03-10,8,El,true
T70955,P-1009,E01,2026-03-11,9,Projektledning,true
T70956,P-1009,E04,2026-03-12,7,Rivning,true
T70957,P-1009,E06,2026-03-13,4,El,true
T70958,P-1009,E06,2026-03-18,8,El,true
T70959,P-1009,E04,2026-03-23,9,Stomme,true
T70960,P-1009,E06,2026-03-23,8,El,true
T70961,P-1009,E02,2026-03-30,8,Besiktning,true
T70962,P-1009,E04,2026-03-31,8,Inredning,true
T70963,P-1009,E01,2026-04-01,8,Projektledning,true
T70964,P-1009,E04,2026-04-02,6,Inredning,true
T70965,P-1009,E06,2026-04-09,4,El,true
T70966,P-1009,E04,2026-04-13,7,Stomme,true
T70967,P-1009,E06,2026-04-13,10,El,true
T70968,P-1009,E02,2026-04-15,4,Projektledning,true
T70969,P-1009,E04,2026-04-15,8,Inredning,true
T70970,P-1009,E09,2026-04-16,10,Rivning,true
T70971,P-1009,E04,2026-04-17,7,Stomme,true
T70972,P-1009,E01,2026-04-22,8,Projektledning,true
T70973,P-1009,E06,2026-04-22,10,El,true
T70974,P-1009,E09,2026-04-22,8,Rivning,true
T70975,P-1009,E09,2026-04-23,7,Mark,true
T70976,P-1009,E02,2026-04-24,8,Stomme,true
T70977,P-1009,E06,2026-04-28,10,El,true
T70978,P-1009,E01,2026-05-01,10,Besiktning,true
T70979,P-1009,E04,2026-05-05,6,Stomme,true
T70980,P-1009,E09,2026-05-05,7,Mark,true
T70981,P-1009,E01,2026-05-06,9,Besiktning,true
T70982,P-1009,E02,2026-05-06,6,Stomme,true
T70983,P-1009,E01,2026-05-08,8,Besiktning,true
T70984,P-1009,E04,2026-05-11,8,Stomme,true
T70985,P-1009,E06,2026-05-13,4,El,true
T70986,P-1009,E01,2026-05-14,9,Projektledning,true
T70987,P-1009,E02,2026-05-14,8,Besiktning,true
T70988,P-1009,E01,2026-05-19,7,Besiktning,true
T70989,P-1009,E04,2026-05-19,7,Inredning,true
T70990,P-1009,E01,2026-05-20,8,Projektledning,true
T70991,P-1009,E09,2026-05-20,8,Mark,true
T70992,P-1009,E04,2026-05-21,8,Stomme,true
T70993,P-1009,E06,2026-05-21,10,El,true
T70994,P-1009,E04,2026-05-25,8,Rivning,true
T70995,P-1009,E04,2026-05-27,7,Stomme,true
T70996,P-1009,E02,2026-05-28,10,Stomme,true
T70997,P-1009,E06,2026-05-28,8,El,true
T70998,P-1009,E02,2026-05-29,8,Projektledning,true
T70999,P-1009,E09,2026-05-29,8,Mark,true
T71000,P-1009,E06,2026-06-03,8,El,true
T71001,P-1009,E09,2026-06-03,4,Mark,true
T71002,P-1009,E01,2026-06-04,8,Besiktning,true
T71003,P-1009,E06,2026-06-04,9,El,true
T71004,P-1009,E09,2026-06-04,9,Rivning,true
T71005,P-1009,E06,2026-06-08,8,El,true
T71006,P-1009,E06,2026-06-09,4,El,true
T71007,P-1009,E06,2026-06-10,6,El,true
T71008,P-1009,E09,2026-06-10,4,Mark,true
T71009,P-1009,E02,2026-06-11,7,Stomme,true
T71010,P-1009,E04,2026-06-12,8,Rivning,true
T71011,P-1009,E02,2026-06-17,7,Projektledning,true
T71012,P-1009,E04,2026-06-17,4,Rivning,true
T71013,P-1009,E06,2026-06-18,4,El,true
T71014,P-1009,E02,2026-06-22,6,Besiktning,true
T71015,P-1009,E09,2026-06-22,9,Rivning,true
T71016,P-1009,E06,2026-06-24,7,El,true
T71017,P-1009,E04,2026-06-26,8,Rivning,true
T71018,P-1009,E06,2026-06-26,9,El,true
T71019,P-1010,E07,2026-02-04,8,Kalkyl,false
T71020,P-1010,E02,2026-02-18,10,Stomme,true
T71021,P-1010,E09,2026-02-18,7,Rivning,true
T71022,P-1010,E10,2026-02-19,7,Projektledning,true
T71023,P-1010,E03,2026-02-25,10,Rivning,true
T71024,P-1010,E03,2026-02-26,4,Rivning,true
T71025,P-1010,E10,2026-02-26,8,Projektledning,true
T71026,P-1010,E03,2026-03-02,9,Rivning,true
T71027,P-1010,E03,2026-03-03,7,Rivning,true
T71028,P-1010,E02,2026-03-04,8,Projektledning,true
T71029,P-1010,E03,2026-03-04,10,Stomme,true
T71030,P-1010,E02,2026-03-05,9,Projektledning,true
T71031,P-1010,E03,2026-03-11,8,Stomme,true
T71032,P-1010,E09,2026-03-11,4,Rivning,true
T71033,P-1010,E09,2026-03-27,8,Rivning,true
T71034,P-1010,E09,2026-03-31,6,Rivning,true
T71035,P-1010,E09,2026-04-07,9,Rivning,true
T71036,P-1010,E02,2026-04-09,10,Besiktning,true
T71037,P-1010,E07,2026-04-09,9,Kalkyl,false
T71038,P-1010,E03,2026-04-14,9,Inredning,true
T71039,P-1010,E02,2026-04-16,6,Stomme,true
T71040,P-1010,E07,2026-04-16,4,Kalkyl,false
T71041,P-1010,E10,2026-04-16,7,Projektledning,true
T71042,P-1010,E07,2026-04-20,7,Kalkyl,false
T71043,P-1010,E10,2026-04-20,8,Besiktning,true
T71044,P-1010,E10,2026-04-27,6,Projektledning,true
T71045,P-1010,E02,2026-04-30,4,Projektledning,true
T71046,P-1010,E07,2026-05-01,9,Kalkyl,false
T71047,P-1010,E10,2026-05-08,8,Projektledning,true
T71048,P-1010,E10,2026-05-11,4,Projektledning,true
T71049,P-1010,E10,2026-05-14,8,Besiktning,true
T71050,P-1010,E03,2026-05-19,7,Rivning,true
T71051,P-1010,E03,2026-05-20,4,Stomme,true
T71052,P-1010,E10,2026-05-20,8,Projektledning,true
T71053,P-1010,E10,2026-05-28,4,Projektledning,true
T71054,P-1010,E02,2026-06-04,4,Projektledning,true
T71055,P-1010,E07,2026-06-05,8,Kalkyl,false
T71056,P-1010,E10,2026-06-05,8,Projektledning,true
T71057,P-1010,E03,2026-06-12,8,Inredning,true
T71058,P-1010,E02,2026-06-17,9,Besiktning,true
T71059,P-1010,E09,2026-06-18,8,Mark,true
T71060,P-1010,E07,2026-06-25,8,Kalkyl,false
T71061,P-1010,E02,2026-06-26,9,Projektledning,true
T71062,P-1010,E07,2026-06-26,8,Kalkyl,false
T71063,P-1010,E02,2026-06-29,8,Projektledning,true
T71064,P-1010,E03,2026-06-29,8,Rivning,true
T71065,P-1010,E02,2026-06-30,8,Besiktning,true
T71066,P-1010,E10,2026-07-01,4,Projektledning,true
T71067,P-1010,E10,2026-07-02,6,Projektledning,true
T71068,P-1010,E07,2026-07-03,4,Kalkyl,false
T71069,P-1010,E07,2026-07-07,9,Kalkyl,false
T71070,P-1010,E10,2026-07-07,4,Projektledning,true
T71071,P-1010,E03,2026-07-08,10,Inredning,true
T71072,P-1010,E07,2026-07-08,8,Kalkyl,false
T71073,P-1010,E07,2026-07-09,9,Kalkyl,false
T71074,P-1010,E09,2026-07-09,4,Mark,true
T71075,P-1010,E10,2026-07-14,8,Projektledning,true
T71076,P-1010,E07,2026-07-15,9,Kalkyl,false
T71077,P-1010,E10,2026-07-16,4,Besiktning,true
T71078,P-1010,E03,2026-07-17,8,Inredning,true
T71079,P-1010,E07,2026-07-22,6,Kalkyl,false
T71080,P-1010,E09,2026-07-22,6,Rivning,true
T71081,P-1010,E02,2026-07-23,6,Projektledning,true
T71082,P-1010,E09,2026-07-23,8,Rivning,true
T71083,P-1010,E07,2026-07-24,9,Kalkyl,false
T71084,P-1010,E10,2026-07-28,9,Projektledning,true
T71085,P-1010,E10,2026-07-30,10,Besiktning,true
T71086,P-1010,E09,2026-08-06,4,Mark,true
T71087,P-1010,E02,2026-08-10,10,Stomme,true
T71088,P-1010,E09,2026-08-11,7,Rivning,true
T71089,P-1010,E10,2026-08-12,4,Projektledning,true
T71090,P-1010,E10,2026-08-19,8,Besiktning,true
T71091,P-1010,E03,2026-08-20,9,Inredning,true
T71092,P-1011,E01,2026-03-09,6,Besiktning,true
T71093,P-1011,E05,2026-03-09,7,El,true
T71094,P-1011,E02,2026-03-11,8,Stomme,true
T71095,P-1011,E06,2026-03-16,7,El,true
T71096,P-1011,E05,2026-03-27,6,El,true
T71097,P-1011,E06,2026-04-07,8,El,true
T71098,P-1011,E05,2026-04-09,6,El,true
T71099,P-1011,E05,2026-04-13,8,El,true
T71100,P-1011,E02,2026-04-22,10,Stomme,true
T71101,P-1011,E01,2026-05-01,10,Besiktning,true
T71102,P-1011,E01,2026-05-04,7,Besiktning,true
T71103,P-1011,E02,2026-05-07,4,Besiktning,true
T71104,P-1011,E02,2026-05-14,8,Projektledning,true
T71105,P-1011,E07,2026-06-05,8,Kalkyl,false
T71106,P-1011,E02,2026-06-11,8,Besiktning,true
T71107,P-1011,E06,2026-06-29,10,El,true
T71108,P-1011,E01,2026-07-01,4,Projektledning,true
T71109,P-1011,E02,2026-07-10,6,Stomme,true
T71110,P-1011,E01,2026-07-15,9,Besiktning,true
T71111,P-1011,E06,2026-07-22,8,El,true
T71112,P-1011,E01,2026-08-05,9,Besiktning,true
T71113,P-1011,E06,2026-08-06,7,El,true
T71114,P-1011,E06,2026-08-10,10,El,true
T71115,P-1011,E05,2026-08-11,8,El,true
T71116,P-1011,E02,2026-08-12,10,Besiktning,true
T71117,P-1012,E02,2026-05-04,8,Stomme,true
T71118,P-1012,E06,2026-05-05,9,El,true
T71119,P-1012,E06,2026-05-06,9,El,true
T71120,P-1012,E10,2026-05-06,6,Besiktning,true
T71121,P-1012,E02,2026-05-07,8,Besiktning,true
T71122,P-1012,E05,2026-05-07,8,El,true
T71123,P-1012,E05,2026-05-08,6,El,true
T71124,P-1012,E08,2026-05-08,9,Inredning,true
T71125,P-1012,E05,2026-05-11,6,El,true
T71126,P-1012,E06,2026-05-11,8,El,true
T71127,P-1012,E02,2026-05-12,4,Stomme,true
T71128,P-1012,E05,2026-05-12,6,El,true
T71129,P-1012,E02,2026-05-13,10,Projektledning,true
T71130,P-1012,E05,2026-05-14,4,El,true
T71131,P-1012,E06,2026-05-14,6,El,true
T71132,P-1012,E06,2026-05-18,9,El,true
T71133,P-1012,E10,2026-05-19,7,Projektledning,true
T71134,P-1012,E05,2026-05-20,10,El,true
T71135,P-1012,E10,2026-05-20,8,Besiktning,true
T71136,P-1012,E06,2026-05-21,6,El,true
T71137,P-1012,E05,2026-05-22,4,El,true
T71138,P-1012,E06,2026-05-22,8,El,true
T71139,P-1012,E02,2026-05-25,8,Projektledning,true
T71140,P-1012,E05,2026-05-26,8,El,true
T71141,P-1012,E06,2026-05-27,8,El,true
T71142,P-1012,E10,2026-05-27,8,Projektledning,true
T71143,P-1012,E02,2026-05-28,8,Besiktning,true
T71144,P-1012,E05,2026-05-28,6,El,true
T71145,P-1012,E08,2026-05-28,9,Rivning,true
T71146,P-1012,E05,2026-05-29,9,El,true
T71147,P-1012,E08,2026-05-29,9,Inredning,true
T71148,P-1012,E10,2026-06-01,6,Besiktning,true
T71149,P-1012,E05,2026-06-02,7,El,true
T71150,P-1012,E10,2026-06-02,7,Projektledning,true
T71151,P-1012,E02,2026-06-03,7,Projektledning,true
T71152,P-1012,E05,2026-06-03,9,El,true
T71153,P-1012,E08,2026-06-05,6,Stomme,true
T71154,P-1012,E02,2026-06-09,10,Projektledning,true
T71155,P-1012,E05,2026-06-09,7,El,true
T71156,P-1012,E06,2026-06-09,6,El,true
T71157,P-1012,E08,2026-06-09,8,Stomme,true
T71158,P-1012,E10,2026-06-09,8,Projektledning,true
T71159,P-1012,E06,2026-06-10,6,El,true
T71160,P-1012,E10,2026-06-11,8,Projektledning,true
T71161,P-1012,E10,2026-06-12,7,Projektledning,true
T71162,P-1012,E02,2026-06-15,8,Stomme,true
T71163,P-1012,E08,2026-06-15,8,Rivning,true
T71164,P-1012,E10,2026-06-15,8,Besiktning,true
T71165,P-1012,E06,2026-06-16,9,El,true
T71166,P-1012,E08,2026-06-16,8,Inredning,true
T71167,P-1012,E02,2026-06-17,9,Projektledning,true
T71168,P-1012,E05,2026-06-17,6,El,true
T71169,P-1012,E08,2026-06-17,10,Inredning,true
T71170,P-1012,E10,2026-06-17,10,Projektledning,true
T71171,P-1012,E06,2026-06-18,10,El,true
T71172,P-1012,E08,2026-06-18,4,Inredning,true
T71173,P-1012,E10,2026-06-19,10,Projektledning,true
T71174,P-1012,E05,2026-06-22,8,El,true
T71175,P-1012,E02,2026-06-23,8,Stomme,true
T71176,P-1012,E05,2026-06-23,7,El,true
T71177,P-1012,E06,2026-06-23,6,El,true
T71178,P-1012,E10,2026-06-23,4,Projektledning,true
T71179,P-1012,E06,2026-06-24,8,El,true
T71180,P-1012,E02,2026-06-25,6,Besiktning,true
T71181,P-1012,E06,2026-06-25,8,El,true
T71182,P-1012,E02,2026-06-26,8,Besiktning,true
T71183,P-1012,E05,2026-06-26,8,El,true
T71184,P-1012,E08,2026-06-26,8,Inredning,true
T71185,P-1012,E02,2026-06-29,8,Stomme,true
T71186,P-1012,E06,2026-06-29,8,El,true
T71187,P-1012,E08,2026-06-29,8,Inredning,true
T71188,P-1012,E02,2026-06-30,10,Stomme,true
T71189,P-1012,E06,2026-06-30,6,El,true
T71190,P-1012,E08,2026-06-30,10,Inredning,true
T71191,P-1012,E10,2026-06-30,7,Projektledning,true
T71192,P-1012,E05,2026-07-01,9,El,true
T71193,P-1012,E08,2026-07-01,8,Inredning,true
T71194,P-1012,E02,2026-07-02,8,Besiktning,true
T71195,P-1012,E05,2026-07-02,9,El,true
T71196,P-1012,E10,2026-07-02,8,Besiktning,true
T71197,P-1012,E08,2026-07-03,9,Rivning,true
T71198,P-1012,E10,2026-07-03,7,Besiktning,true
T71199,P-1012,E05,2026-07-06,9,El,true
T71200,P-1012,E06,2026-07-06,7,El,true
T71201,P-1012,E08,2026-07-06,9,Rivning,true
T71202,P-1012,E10,2026-07-06,8,Besiktning,true
T71203,P-1012,E02,2026-07-07,9,Stomme,true
T71204,P-1012,E05,2026-07-07,6,El,true
T71205,P-1012,E06,2026-07-07,8,El,true
T71206,P-1012,E10,2026-07-07,8,Projektledning,true
T71207,P-1012,E02,2026-07-08,8,Projektledning,true
T71208,P-1012,E06,2026-07-08,8,El,true
T71209,P-1012,E05,2026-07-09,8,El,true
T71210,P-1012,E10,2026-07-09,8,Projektledning,true
T71211,P-1012,E02,2026-07-10,6,Stomme,true
T71212,P-1012,E10,2026-07-10,8,Besiktning,true
T71213,P-1012,E05,2026-07-13,6,El,true
T71214,P-1012,E06,2026-07-13,7,El,true
T71215,P-1012,E08,2026-07-13,10,Stomme,true
T71216,P-1012,E10,2026-07-13,4,Projektledning,true
T71217,P-1012,E06,2026-07-14,4,El,true
T71218,P-1012,E08,2026-07-14,8,Inredning,true
T71219,P-1012,E06,2026-07-15,9,El,true
T71220,P-1012,E08,2026-07-15,8,Rivning,true
T71221,P-1012,E02,2026-07-16,8,Stomme,true
T71222,P-1012,E05,2026-07-16,7,El,true
T71223,P-1012,E06,2026-07-16,8,El,true
T71224,P-1012,E02,2026-07-17,10,Besiktning,true
T71225,P-1012,E02,2026-07-20,4,Besiktning,true
T71226,P-1012,E05,2026-07-20,10,El,true
T71227,P-1012,E06,2026-07-20,6,El,true
T71228,P-1012,E08,2026-07-20,8,Inredning,true
T71229,P-1012,E02,2026-07-21,4,Projektledning,true
T71230,P-1012,E08,2026-07-21,4,Stomme,true
T71231,P-1012,E02,2026-07-22,6,Projektledning,true
T71232,P-1012,E08,2026-07-22,10,Inredning,true
T71233,P-1012,E06,2026-07-23,8,El,true
T71234,P-1012,E08,2026-07-23,7,Rivning,true
T71235,P-1012,E05,2026-07-24,8,El,true
T71236,P-1012,E08,2026-07-24,6,Stomme,true
T71237,P-1012,E10,2026-07-24,8,Besiktning,true
T71238,P-1012,E02,2026-07-27,10,Projektledning,true
T71239,P-1012,E05,2026-07-27,8,El,true
T71240,P-1012,E10,2026-07-27,9,Projektledning,true
T71241,P-1012,E06,2026-07-28,4,El,true
T71242,P-1012,E02,2026-07-29,9,Besiktning,true
T71243,P-1012,E08,2026-07-29,6,Inredning,true
T71244,P-1012,E02,2026-07-30,8,Stomme,true
T71245,P-1012,E06,2026-07-30,6,El,true
T71246,P-1012,E10,2026-07-30,8,Besiktning,true
T71247,P-1012,E05,2026-07-31,10,El,true
T71248,P-1012,E10,2026-08-03,9,Projektledning,true
T71249,P-1012,E05,2026-08-04,7,El,true
T71250,P-1012,E08,2026-08-05,10,Inredning,true
T71251,P-1012,E08,2026-08-06,10,Inredning,true
T71252,P-1012,E10,2026-08-06,10,Projektledning,true
T71253,P-1012,E05,2026-08-07,8,El,true
T71254,P-1012,E06,2026-08-07,8,El,true
T71255,P-1012,E08,2026-08-07,9,Rivning,true
T71256,P-1012,E10,2026-08-07,10,Besiktning,true
T71257,P-1012,E05,2026-08-10,10,El,true
T71258,P-1012,E06,2026-08-10,8,El,true
T71259,P-1012,E10,2026-08-10,8,Projektledning,true
T71260,P-1012,E10,2026-08-11,6,Besiktning,true
T71261,P-1012,E02,2026-08-12,7,Projektledning,true
T71262,P-1012,E02,2026-08-14,8,Projektledning,true
T71263,P-1012,E05,2026-08-14,8,El,true
T71264,P-1012,E06,2026-08-14,8,El,true
T71265,P-1012,E08,2026-08-14,10,Stomme,true
T71266,P-1012,E06,2026-08-18,6,El,true
T71267,P-1012,E05,2026-08-19,7,El,true
T71268,P-1012,E10,2026-08-20,8,Besiktning,true
T71269,P-1012,E10,2026-08-21,6,Besiktning,true
T71270,P-1007,E03,2026-02-11,38,Stomme,true
T71271,,E08,2026-03-05,8,Utbildning,false
